[{"model": "admin.logentry", "pk": 1, "fields": {"action_time": "2025-05-10T13:09:01.757Z", "user": 1, "content_type": 7, "object_id": "1", "object_repr": "ABCD - Analysis", "action_flag": 1, "change_message": "[{\"added\": {}}]"}}, {"model": "admin.logentry", "pk": 2, "fields": {"action_time": "2025-05-10T14:38:58.767Z", "user": 1, "content_type": 7, "object_id": "1", "object_repr": "ABCD - Analysis", "action_flag": 3, "change_message": ""}}, {"model": "admin.logentry", "pk": 3, "fields": {"action_time": "2025-05-11T11:11:00.389Z", "user": 1, "content_type": 7, "object_id": "2", "object_repr": "ABCD - BIM", "action_flag": 3, "change_message": ""}}, {"model": "admin.logentry", "pk": 4, "fields": {"action_time": "2025-05-12T02:48:18.735Z", "user": 1, "content_type": 7, "object_id": "5", "object_repr": "WXYZ - BIM", "action_flag": 3, "change_message": ""}}, {"model": "admin.logentry", "pk": 5, "fields": {"action_time": "2025-05-12T02:48:18.735Z", "user": 1, "content_type": 7, "object_id": "4", "object_repr": "AAAA - BIM", "action_flag": 3, "change_message": ""}}, {"model": "admin.logentry", "pk": 6, "fields": {"action_time": "2025-05-12T02:48:18.735Z", "user": 1, "content_type": 7, "object_id": "3", "object_repr": "1234 - BIM", "action_flag": 3, "change_message": ""}}, {"model": "admin.logentry", "pk": 7, "fields": {"action_time": "2025-05-12T03:13:00.995Z", "user": 1, "content_type": 7, "object_id": "8", "object_repr": "WXYZ - Analysis", "action_flag": 3, "change_message": ""}}, {"model": "admin.logentry", "pk": 8, "fields": {"action_time": "2025-05-12T03:13:00.995Z", "user": 1, "content_type": 7, "object_id": "7", "object_repr": "ABCD - Analysis", "action_flag": 3, "change_message": ""}}, {"model": "admin.logentry", "pk": 9, "fields": {"action_time": "2025-05-12T03:13:00.995Z", "user": 1, "content_type": 7, "object_id": "6", "object_repr": "1234 - BIM", "action_flag": 3, "change_message": ""}}, {"model": "admin.logentry", "pk": 10, "fields": {"action_time": "2025-05-12T04:53:47.714Z", "user": 1, "content_type": 7, "object_id": "13", "object_repr": "ABCD - Research", "action_flag": 3, "change_message": ""}}, {"model": "admin.logentry", "pk": 11, "fields": {"action_time": "2025-05-12T04:53:47.714Z", "user": 1, "content_type": 7, "object_id": "12", "object_repr": "ABCD - Research", "action_flag": 3, "change_message": ""}}, {"model": "admin.logentry", "pk": 12, "fields": {"action_time": "2025-05-12T04:53:47.714Z", "user": 1, "content_type": 7, "object_id": "11", "object_repr": "ABCD - Analysis", "action_flag": 3, "change_message": ""}}, {"model": "admin.logentry", "pk": 13, "fields": {"action_time": "2025-05-12T04:53:47.714Z", "user": 1, "content_type": 7, "object_id": "10", "object_repr": "ABCD - Analysis", "action_flag": 3, "change_message": ""}}, {"model": "admin.logentry", "pk": 14, "fields": {"action_time": "2025-05-12T04:53:47.714Z", "user": 1, "content_type": 7, "object_id": "9", "object_repr": "1234 - BIM", "action_flag": 3, "change_message": ""}}, {"model": "admin.logentry", "pk": 15, "fields": {"action_time": "2025-05-12T05:58:26.197Z", "user": 1, "content_type": 7, "object_id": "14", "object_repr": "1234 - Analysis", "action_flag": 3, "change_message": ""}}, {"model": "admin.logentry", "pk": 16, "fields": {"action_time": "2025-05-12T06:21:59.723Z", "user": 1, "content_type": 7, "object_id": "15", "object_repr": "ABCD - Analysis", "action_flag": 3, "change_message": ""}}, {"model": "admin.logentry", "pk": 17, "fields": {"action_time": "2025-05-12T06:28:54.649Z", "user": 1, "content_type": 7, "object_id": "16", "object_repr": "ABCD - BIM", "action_flag": 3, "change_message": ""}}, {"model": "admin.logentry", "pk": 18, "fields": {"action_time": "2025-05-27T10:55:31.406Z", "user": 1, "content_type": 7, "object_id": "20", "object_repr": "ABCD - Research", "action_flag": 3, "change_message": ""}}, {"model": "admin.logentry", "pk": 19, "fields": {"action_time": "2025-05-27T10:55:31.406Z", "user": 1, "content_type": 7, "object_id": "19", "object_repr": "ABCD - Computational Design", "action_flag": 3, "change_message": ""}}, {"model": "admin.logentry", "pk": 20, "fields": {"action_time": "2025-05-27T11:30:12.744Z", "user": 1, "content_type": 7, "object_id": "22", "object_repr": "1234 - Computational Design", "action_flag": 3, "change_message": ""}}, {"model": "admin.logentry", "pk": 21, "fields": {"action_time": "2025-05-27T16:21:39.492Z", "user": 1, "content_type": 7, "object_id": "24", "object_repr": "aaaa - BIM", "action_flag": 3, "change_message": ""}}, {"model": "admin.logentry", "pk": 22, "fields": {"action_time": "2025-05-27T16:21:39.492Z", "user": 1, "content_type": 7, "object_id": "23", "object_repr": "WXYZ - Computational Design", "action_flag": 3, "change_message": ""}}, {"model": "admin.logentry", "pk": 23, "fields": {"action_time": "2025-05-27T16:21:39.492Z", "user": 1, "content_type": 7, "object_id": "21", "object_repr": "ABCD - Research", "action_flag": 3, "change_message": ""}}, {"model": "admin.logentry", "pk": 24, "fields": {"action_time": "2025-05-27T17:04:40.139Z", "user": 1, "content_type": 7, "object_id": "27", "object_repr": "ABCD - BIM", "action_flag": 3, "change_message": ""}}, {"model": "admin.logentry", "pk": 25, "fields": {"action_time": "2025-05-27T17:15:18.138Z", "user": 1, "content_type": 7, "object_id": "28", "object_repr": "ABCD - Research", "action_flag": 3, "change_message": ""}}, {"model": "admin.logentry", "pk": 26, "fields": {"action_time": "2025-05-27T17:15:18.138Z", "user": 1, "content_type": 7, "object_id": "26", "object_repr": "1234 - Research", "action_flag": 3, "change_message": ""}}, {"model": "admin.logentry", "pk": 27, "fields": {"action_time": "2025-05-27T17:15:18.139Z", "user": 1, "content_type": 7, "object_id": "25", "object_repr": "1234 - BIM", "action_flag": 3, "change_message": ""}}, {"model": "admin.logentry", "pk": 28, "fields": {"action_time": "2025-05-27T17:19:13.416Z", "user": 1, "content_type": 7, "object_id": "29", "object_repr": "1234 - Analysis", "action_flag": 3, "change_message": ""}}, {"model": "admin.logentry", "pk": 29, "fields": {"action_time": "2025-05-27T17:22:00.932Z", "user": 1, "content_type": 7, "object_id": "30", "object_repr": "ABCD - BIM", "action_flag": 3, "change_message": ""}}, {"model": "admin.logentry", "pk": 30, "fields": {"action_time": "2025-05-27T17:32:48.960Z", "user": 1, "content_type": 7, "object_id": "31", "object_repr": "WXYZ - Analysis", "action_flag": 3, "change_message": ""}}, {"model": "admin.logentry", "pk": 31, "fields": {"action_time": "2025-05-28T02:00:00.615Z", "user": 1, "content_type": 7, "object_id": "32", "object_repr": "1234 - BIM", "action_flag": 3, "change_message": ""}}, {"model": "admin.logentry", "pk": 32, "fields": {"action_time": "2025-05-28T02:28:53.449Z", "user": 1, "content_type": 7, "object_id": "33", "object_repr": "ABCD - Analysis", "action_flag": 3, "change_message": ""}}, {"model": "admin.logentry", "pk": 33, "fields": {"action_time": "2025-05-28T02:36:54.079Z", "user": 1, "content_type": 7, "object_id": "34", "object_repr": "ABCD - BIM", "action_flag": 3, "change_message": ""}}, {"model": "admin.logentry", "pk": 34, "fields": {"action_time": "2025-05-29T02:18:06.656Z", "user": 1, "content_type": 7, "object_id": "35", "object_repr": "ABCD - BIM", "action_flag": 3, "change_message": ""}}, {"model": "admin.logentry", "pk": 35, "fields": {"action_time": "2025-05-31T07:53:22.318Z", "user": 1, "content_type": 7, "object_id": "37", "object_repr": "WXYZ - BIM", "action_flag": 3, "change_message": ""}}, {"model": "admin.logentry", "pk": 36, "fields": {"action_time": "2025-05-31T09:00:28.805Z", "user": 1, "content_type": 7, "object_id": "36", "object_repr": "ABCD - Research", "action_flag": 3, "change_message": ""}}, {"model": "admin.logentry", "pk": 37, "fields": {"action_time": "2025-05-31T09:50:22.653Z", "user": 1, "content_type": 7, "object_id": "37", "object_repr": "1234 - BIM", "action_flag": 3, "change_message": ""}}, {"model": "admin.logentry", "pk": 38, "fields": {"action_time": "2025-05-31T14:59:44.488Z", "user": 1, "content_type": 7, "object_id": "38", "object_repr": "1234 - Building Analysis", "action_flag": 1, "change_message": "[{\"added\": {}}]"}}, {"model": "admin.logentry", "pk": 39, "fields": {"action_time": "2025-05-31T15:48:20.888Z", "user": 1, "content_type": 7, "object_id": "41", "object_repr": "1234 - Green Certification", "action_flag": 3, "change_message": ""}}, {"model": "admin.logentry", "pk": 40, "fields": {"action_time": "2025-05-31T15:48:20.888Z", "user": 1, "content_type": 7, "object_id": "40", "object_repr": "1234 - Green Certification", "action_flag": 3, "change_message": ""}}, {"model": "admin.logentry", "pk": 41, "fields": {"action_time": "2025-05-31T15:48:20.888Z", "user": 1, "content_type": 7, "object_id": "39", "object_repr": "1234 - Computational Design", "action_flag": 3, "change_message": ""}}, {"model": "admin.logentry", "pk": 42, "fields": {"action_time": "2025-05-31T15:48:20.888Z", "user": 1, "content_type": 7, "object_id": "38", "object_repr": "1234 - Building Analysis", "action_flag": 3, "change_message": ""}}, {"model": "admin.logentry", "pk": 43, "fields": {"action_time": "2025-05-31T17:23:02.651Z", "user": 1, "content_type": 7, "object_id": "42", "object_repr": "1234 - Green Certification", "action_flag": 3, "change_message": ""}}, {"model": "admin.logentry", "pk": 44, "fields": {"action_time": "2025-05-31T18:01:52.074Z", "user": 1, "content_type": 7, "object_id": "43", "object_repr": "1234 - Building Analysis", "action_flag": 3, "change_message": ""}}, {"model": "admin.logentry", "pk": 45, "fields": {"action_time": "2025-06-01T02:29:56.868Z", "user": 1, "content_type": 7, "object_id": "44", "object_repr": "1234 - Project Research", "action_flag": 3, "change_message": ""}}, {"model": "admin.logentry", "pk": 46, "fields": {"action_time": "2025-06-01T03:13:43.719Z", "user": 1, "content_type": 7, "object_id": "45", "object_repr": "1234 - Project Research", "action_flag": 3, "change_message": ""}}, {"model": "admin.logentry", "pk": 47, "fields": {"action_time": "2025-06-02T06:06:38.112Z", "user": 1, "content_type": 7, "object_id": "51", "object_repr": "1234 - Building Analysis", "action_flag": 3, "change_message": ""}}, {"model": "admin.logentry", "pk": 48, "fields": {"action_time": "2025-06-02T06:06:38.112Z", "user": 1, "content_type": 7, "object_id": "50", "object_repr": "1234 - Building Analysis", "action_flag": 3, "change_message": ""}}, {"model": "admin.logentry", "pk": 49, "fields": {"action_time": "2025-06-03T04:55:23.383Z", "user": 1, "content_type": 7, "object_id": "58", "object_repr": "1234 - Building Analysis", "action_flag": 3, "change_message": ""}}, {"model": "admin.logentry", "pk": 50, "fields": {"action_time": "2025-06-03T04:55:23.383Z", "user": 1, "content_type": 7, "object_id": "57", "object_repr": "ABCD - BIM", "action_flag": 3, "change_message": ""}}, {"model": "admin.logentry", "pk": 51, "fields": {"action_time": "2025-06-03T04:55:23.383Z", "user": 1, "content_type": 7, "object_id": "56", "object_repr": "ABCD - Building Analysis", "action_flag": 3, "change_message": ""}}, {"model": "admin.logentry", "pk": 52, "fields": {"action_time": "2025-06-03T04:55:23.383Z", "user": 1, "content_type": 7, "object_id": "54", "object_repr": "ABCD - BIM", "action_flag": 3, "change_message": ""}}, {"model": "admin.logentry", "pk": 53, "fields": {"action_time": "2025-06-03T04:55:23.383Z", "user": 1, "content_type": 7, "object_id": "53", "object_repr": "ABCD - Building Analysis", "action_flag": 3, "change_message": ""}}, {"model": "admin.logentry", "pk": 54, "fields": {"action_time": "2025-06-03T04:55:23.383Z", "user": 1, "content_type": 7, "object_id": "52", "object_repr": "ABCD - Building Analysis", "action_flag": 3, "change_message": ""}}, {"model": "admin.logentry", "pk": 55, "fields": {"action_time": "2025-06-03T05:08:19.205Z", "user": 1, "content_type": 7, "object_id": "59", "object_repr": "1234 - BIM Modeling", "action_flag": 3, "change_message": ""}}, {"model": "admin.logentry", "pk": 56, "fields": {"action_time": "2025-06-03T06:13:20.724Z", "user": 1, "content_type": 7, "object_id": "61", "object_repr": "WXYZ - BIM Management", "action_flag": 3, "change_message": ""}}, {"model": "admin.logentry", "pk": 57, "fields": {"action_time": "2025-06-03T10:19:14.399Z", "user": 1, "content_type": 7, "object_id": "64", "object_repr": "WXYZ - Building Regulations", "action_flag": 3, "change_message": ""}}, {"model": "admin.logentry", "pk": 58, "fields": {"action_time": "2025-06-03T14:26:08.794Z", "user": 1, "content_type": 7, "object_id": "67", "object_repr": "1234 - BIM Modeling", "action_flag": 3, "change_message": ""}}, {"model": "admin.logentry", "pk": 59, "fields": {"action_time": "2025-06-03T14:26:08.794Z", "user": 1, "content_type": 7, "object_id": "66", "object_repr": "LAWZ - Building Regulations", "action_flag": 3, "change_message": ""}}, {"model": "admin.logentry", "pk": 60, "fields": {"action_time": "2025-06-03T14:26:08.794Z", "user": 1, "content_type": 7, "object_id": "65", "object_repr": "AAAA - Computational Design", "action_flag": 3, "change_message": ""}}, {"model": "admin.logentry", "pk": 61, "fields": {"action_time": "2025-06-03T14:26:08.794Z", "user": 1, "content_type": 7, "object_id": "63", "object_repr": "ABCD - Building Analysis", "action_flag": 3, "change_message": ""}}, {"model": "admin.logentry", "pk": 62, "fields": {"action_time": "2025-06-03T14:26:08.794Z", "user": 1, "content_type": 7, "object_id": "62", "object_repr": "1234 - BIM Modeling", "action_flag": 3, "change_message": ""}}, {"model": "admin.logentry", "pk": 63, "fields": {"action_time": "2025-06-03T14:43:30.093Z", "user": 1, "content_type": 7, "object_id": "68", "object_repr": "1234 - BIM Modeling", "action_flag": 3, "change_message": ""}}, {"model": "admin.logentry", "pk": 64, "fields": {"action_time": "2025-06-03T14:57:09.929Z", "user": 1, "content_type": 7, "object_id": "69", "object_repr": "1234 - Building Analysis", "action_flag": 3, "change_message": ""}}, {"model": "admin.logentry", "pk": 65, "fields": {"action_time": "2025-06-03T15:23:06.973Z", "user": 1, "content_type": 7, "object_id": "70", "object_repr": "1234 - BIM Modeling", "action_flag": 3, "change_message": ""}}, {"model": "admin.logentry", "pk": 66, "fields": {"action_time": "2025-06-03T15:42:32.692Z", "user": 1, "content_type": 7, "object_id": "74", "object_repr": "1234 - BIM Modeling", "action_flag": 3, "change_message": ""}}, {"model": "admin.logentry", "pk": 67, "fields": {"action_time": "2025-06-03T15:42:32.692Z", "user": 1, "content_type": 7, "object_id": "73", "object_repr": "1234 - BIM Modeling", "action_flag": 3, "change_message": ""}}, {"model": "admin.logentry", "pk": 68, "fields": {"action_time": "2025-06-03T15:42:32.692Z", "user": 1, "content_type": 7, "object_id": "72", "object_repr": "1234 - BIM Modeling", "action_flag": 3, "change_message": ""}}, {"model": "admin.logentry", "pk": 69, "fields": {"action_time": "2025-06-03T15:42:32.692Z", "user": 1, "content_type": 7, "object_id": "71", "object_repr": "1234 - BIM Modeling", "action_flag": 3, "change_message": ""}}, {"model": "admin.logentry", "pk": 70, "fields": {"action_time": "2025-06-03T15:52:53.667Z", "user": 1, "content_type": 7, "object_id": "75", "object_repr": "1234 - Building Analysis", "action_flag": 3, "change_message": ""}}, {"model": "admin.logentry", "pk": 71, "fields": {"action_time": "2025-06-03T16:29:18.241Z", "user": 1, "content_type": 7, "object_id": "77", "object_repr": "1234 - BIM Management", "action_flag": 3, "change_message": ""}}, {"model": "admin.logentry", "pk": 72, "fields": {"action_time": "2025-06-03T16:52:03.782Z", "user": 1, "content_type": 7, "object_id": "80", "object_repr": "1234 - Building Analysis", "action_flag": 3, "change_message": ""}}, {"model": "admin.logentry", "pk": 73, "fields": {"action_time": "2025-06-03T16:52:03.782Z", "user": 1, "content_type": 7, "object_id": "79", "object_repr": "1234 - Green Certification", "action_flag": 3, "change_message": ""}}, {"model": "admin.logentry", "pk": 74, "fields": {"action_time": "2025-06-03T16:52:03.782Z", "user": 1, "content_type": 7, "object_id": "78", "object_repr": "1234 - BIM Modeling", "action_flag": 3, "change_message": ""}}, {"model": "admin.logentry", "pk": 75, "fields": {"action_time": "2025-06-03T16:52:15.377Z", "user": 1, "content_type": 7, "object_id": "81", "object_repr": "1234 - Computational Design", "action_flag": 3, "change_message": ""}}, {"model": "admin.logentry", "pk": 76, "fields": {"action_time": "2025-06-04T01:48:35.544Z", "user": 1, "content_type": 7, "object_id": "87", "object_repr": "AAAA - Building Regulations", "action_flag": 3, "change_message": ""}}, {"model": "admin.logentry", "pk": 77, "fields": {"action_time": "2025-06-04T01:48:35.544Z", "user": 1, "content_type": 7, "object_id": "86", "object_repr": "AAAA - Computational Design", "action_flag": 3, "change_message": ""}}, {"model": "admin.logentry", "pk": 78, "fields": {"action_time": "2025-06-04T01:48:35.544Z", "user": 1, "content_type": 7, "object_id": "85", "object_repr": "ABCD - BIM Management", "action_flag": 3, "change_message": ""}}, {"model": "admin.logentry", "pk": 79, "fields": {"action_time": "2025-06-04T01:48:35.544Z", "user": 1, "content_type": 7, "object_id": "83", "object_repr": "1234 - Building Analysis", "action_flag": 3, "change_message": ""}}, {"model": "admin.logentry", "pk": 80, "fields": {"action_time": "2025-06-04T06:15:42.960Z", "user": 1, "content_type": 7, "object_id": "89", "object_repr": "1234 - BIM Modeling", "action_flag": 3, "change_message": ""}}, {"model": "admin.logentry", "pk": 81, "fields": {"action_time": "2025-06-04T06:15:42.960Z", "user": 1, "content_type": 7, "object_id": "88", "object_repr": "ABCD - Building Analysis", "action_flag": 3, "change_message": ""}}, {"model": "admin.logentry", "pk": 82, "fields": {"action_time": "2025-06-08T06:03:38.551Z", "user": 1, "content_type": 7, "object_id": "103", "object_repr": "WEDY - Green Certification", "action_flag": 3, "change_message": ""}}, {"model": "admin.logentry", "pk": 83, "fields": {"action_time": "2025-06-08T09:21:30.636Z", "user": 1, "content_type": 11, "object_id": "1", "object_repr": "Studio 1", "action_flag": 1, "change_message": "[{\"added\": {}}]"}}, {"model": "admin.logentry", "pk": 84, "fields": {"action_time": "2025-06-08T09:21:44.278Z", "user": 1, "content_type": 11, "object_id": "2", "object_repr": "Studio 2", "action_flag": 1, "change_message": "[{\"added\": {}}]"}}, {"model": "admin.logentry", "pk": 85, "fields": {"action_time": "2025-06-08T09:21:52.472Z", "user": 1, "content_type": 11, "object_id": "3", "object_repr": "Studio 3", "action_flag": 1, "change_message": "[{\"added\": {}}]"}}, {"model": "admin.logentry", "pk": 86, "fields": {"action_time": "2025-06-08T09:21:59.009Z", "user": 1, "content_type": 11, "object_id": "4", "object_repr": "Studio 4", "action_flag": 1, "change_message": "[{\"added\": {}}]"}}, {"model": "admin.logentry", "pk": 87, "fields": {"action_time": "2025-06-08T09:22:12.523Z", "user": 1, "content_type": 11, "object_id": "5", "object_repr": "Estimate", "action_flag": 1, "change_message": "[{\"added\": {}}]"}}, {"model": "admin.logentry", "pk": 88, "fields": {"action_time": "2025-06-08T09:22:17.976Z", "user": 1, "content_type": 11, "object_id": "6", "object_repr": "Specification", "action_flag": 1, "change_message": "[{\"added\": {}}]"}}, {"model": "admin.logentry", "pk": 89, "fields": {"action_time": "2025-06-08T09:22:26.631Z", "user": 1, "content_type": 11, "object_id": "7", "object_repr": "Admin", "action_flag": 1, "change_message": "[{\"added\": {}}]"}}, {"model": "admin.logentry", "pk": 90, "fields": {"action_time": "2025-06-08T09:22:32.357Z", "user": 1, "content_type": 11, "object_id": "8", "object_repr": "Model", "action_flag": 1, "change_message": "[{\"added\": {}}]"}}, {"model": "admin.logentry", "pk": 91, "fields": {"action_time": "2025-06-08T09:22:39.798Z", "user": 1, "content_type": 11, "object_id": "9", "object_repr": "HR", "action_flag": 1, "change_message": "[{\"added\": {}}]"}}, {"model": "admin.logentry", "pk": 92, "fields": {"action_time": "2025-06-08T09:22:44.683Z", "user": 1, "content_type": 11, "object_id": "10", "object_repr": "Finance", "action_flag": 1, "change_message": "[{\"added\": {}}]"}}, {"model": "admin.logentry", "pk": 93, "fields": {"action_time": "2025-06-08T09:23:27.978Z", "user": 1, "content_type": 10, "object_id": "1", "object_repr": "Inception", "action_flag": 1, "change_message": "[{\"added\": {}}]"}}, {"model": "admin.logentry", "pk": 94, "fields": {"action_time": "2025-06-08T09:23:36.167Z", "user": 1, "content_type": 10, "object_id": "2", "object_repr": "Preliminary Design", "action_flag": 1, "change_message": "[{\"added\": {}}]"}}, {"model": "admin.logentry", "pk": 95, "fields": {"action_time": "2025-06-08T09:23:41.693Z", "user": 1, "content_type": 10, "object_id": "3", "object_repr": "Schematic Design", "action_flag": 1, "change_message": "[{\"added\": {}}]"}}, {"model": "admin.logentry", "pk": 96, "fields": {"action_time": "2025-06-08T09:23:47.860Z", "user": 1, "content_type": 10, "object_id": "4", "object_repr": "Design Development", "action_flag": 1, "change_message": "[{\"added\": {}}]"}}, {"model": "admin.logentry", "pk": 97, "fields": {"action_time": "2025-06-08T09:23:54.069Z", "user": 1, "content_type": 10, "object_id": "5", "object_repr": "Tender", "action_flag": 1, "change_message": "[{\"added\": {}}]"}}, {"model": "admin.logentry", "pk": 98, "fields": {"action_time": "2025-06-08T09:24:01.241Z", "user": 1, "content_type": 10, "object_id": "6", "object_repr": "Construction Drawing", "action_flag": 1, "change_message": "[{\"added\": {}}]"}}, {"model": "admin.logentry", "pk": 99, "fields": {"action_time": "2025-06-08T09:24:12.583Z", "user": 1, "content_type": 10, "object_id": "7", "object_repr": "Post Construction", "action_flag": 1, "change_message": "[{\"added\": {}}]"}}, {"model": "admin.logentry", "pk": 100, "fields": {"action_time": "2025-06-08T09:53:12.913Z", "user": 1, "content_type": 11, "object_id": "7", "object_repr": "Admin", "action_flag": 3, "change_message": ""}}, {"model": "admin.logentry", "pk": 101, "fields": {"action_time": "2025-06-08T09:53:25.135Z", "user": 1, "content_type": 11, "object_id": "10", "object_repr": "Finance", "action_flag": 3, "change_message": ""}}, {"model": "admin.logentry", "pk": 102, "fields": {"action_time": "2025-06-08T09:53:25.135Z", "user": 1, "content_type": 11, "object_id": "9", "object_repr": "HR", "action_flag": 3, "change_message": ""}}, {"model": "admin.logentry", "pk": 103, "fields": {"action_time": "2025-06-08T09:54:10.230Z", "user": 1, "content_type": 11, "object_id": "11", "object_repr": "Admin", "action_flag": 1, "change_message": "[{\"added\": {}}]"}}, {"model": "admin.logentry", "pk": 104, "fields": {"action_time": "2025-06-08T09:54:32.761Z", "user": 1, "content_type": 11, "object_id": "12", "object_repr": "Finance", "action_flag": 1, "change_message": "[{\"added\": {}}]"}}, {"model": "admin.logentry", "pk": 105, "fields": {"action_time": "2025-06-08T09:54:43.766Z", "user": 1, "content_type": 11, "object_id": "13", "object_repr": "HR", "action_flag": 1, "change_message": "[{\"added\": {}}]"}}, {"model": "admin.logentry", "pk": 106, "fields": {"action_time": "2025-06-08T09:55:46.688Z", "user": 1, "content_type": 11, "object_id": "14", "object_repr": "BD", "action_flag": 1, "change_message": "[{\"added\": {}}]"}}, {"model": "admin.logentry", "pk": 107, "fields": {"action_time": "2025-06-08T09:56:29.560Z", "user": 1, "content_type": 8, "object_id": "1", "object_repr": "Sustainability", "action_flag": 1, "change_message": "[{\"added\": {}}]"}}, {"model": "admin.logentry", "pk": 108, "fields": {"action_time": "2025-06-08T09:56:34.634Z", "user": 1, "content_type": 8, "object_id": "2", "object_repr": "BIM", "action_flag": 1, "change_message": "[{\"added\": {}}]"}}, {"model": "admin.logentry", "pk": 109, "fields": {"action_time": "2025-06-08T09:56:39.991Z", "user": 1, "content_type": 8, "object_id": "3", "object_repr": "Digital Solutions", "action_flag": 1, "change_message": "[{\"added\": {}}]"}}, {"model": "admin.logentry", "pk": 110, "fields": {"action_time": "2025-06-08T09:56:45.503Z", "user": 1, "content_type": 8, "object_id": "4", "object_repr": "Law", "action_flag": 1, "change_message": "[{\"added\": {}}]"}}, {"model": "admin.logentry", "pk": 111, "fields": {"action_time": "2025-06-08T09:56:53.454Z", "user": 1, "content_type": 8, "object_id": "5", "object_repr": "Data", "action_flag": 1, "change_message": "[{\"added\": {}}]"}}, {"model": "admin.logentry", "pk": 112, "fields": {"action_time": "2025-06-08T09:56:58.359Z", "user": 1, "content_type": 8, "object_id": "6", "object_repr": "IT", "action_flag": 1, "change_message": "[{\"added\": {}}]"}}, {"model": "admin.logentry", "pk": 113, "fields": {"action_time": "2025-06-08T09:57:03.326Z", "user": 1, "content_type": 8, "object_id": "7", "object_repr": "AV", "action_flag": 1, "change_message": "[{\"added\": {}}]"}}, {"model": "admin.logentry", "pk": 114, "fields": {"action_time": "2025-06-08T10:27:48.724Z", "user": 1, "content_type": 9, "object_id": "1", "object_repr": "Project Research", "action_flag": 1, "change_message": "[{\"added\": {}}]"}}, {"model": "admin.logentry", "pk": 115, "fields": {"action_time": "2025-06-08T10:27:55.119Z", "user": 1, "content_type": 9, "object_id": "2", "object_repr": "Building Analysis", "action_flag": 1, "change_message": "[{\"added\": {}}]"}}, {"model": "admin.logentry", "pk": 116, "fields": {"action_time": "2025-06-08T10:28:01.578Z", "user": 1, "content_type": 9, "object_id": "3", "object_repr": "Green Certification", "action_flag": 1, "change_message": "[{\"added\": {}}]"}}, {"model": "admin.logentry", "pk": 117, "fields": {"action_time": "2025-06-08T10:28:12.742Z", "user": 1, "content_type": 9, "object_id": "4", "object_repr": "BIM Management", "action_flag": 1, "change_message": "[{\"added\": {}}]"}}, {"model": "admin.logentry", "pk": 118, "fields": {"action_time": "2025-06-08T10:28:18.843Z", "user": 1, "content_type": 9, "object_id": "5", "object_repr": "BIM Modeling", "action_flag": 1, "change_message": "[{\"added\": {}}]"}}, {"model": "admin.logentry", "pk": 119, "fields": {"action_time": "2025-06-08T10:29:56.101Z", "user": 1, "content_type": 9, "object_id": "6", "object_repr": "Parametric Design", "action_flag": 1, "change_message": "[{\"added\": {}}]"}}, {"model": "admin.logentry", "pk": 120, "fields": {"action_time": "2025-06-08T10:43:35.579Z", "user": 1, "content_type": 9, "object_id": "6", "object_repr": "Parametric Design", "action_flag": 3, "change_message": ""}}, {"model": "admin.logentry", "pk": 121, "fields": {"action_time": "2025-06-08T10:43:35.579Z", "user": 1, "content_type": 9, "object_id": "5", "object_repr": "BIM Modeling", "action_flag": 3, "change_message": ""}}, {"model": "admin.logentry", "pk": 122, "fields": {"action_time": "2025-06-08T10:43:35.579Z", "user": 1, "content_type": 9, "object_id": "4", "object_repr": "BIM Management", "action_flag": 3, "change_message": ""}}, {"model": "admin.logentry", "pk": 123, "fields": {"action_time": "2025-06-08T10:43:35.579Z", "user": 1, "content_type": 9, "object_id": "3", "object_repr": "Green Certification", "action_flag": 3, "change_message": ""}}, {"model": "admin.logentry", "pk": 124, "fields": {"action_time": "2025-06-08T10:43:35.579Z", "user": 1, "content_type": 9, "object_id": "2", "object_repr": "Building Analysis", "action_flag": 3, "change_message": ""}}, {"model": "admin.logentry", "pk": 125, "fields": {"action_time": "2025-06-08T10:43:35.579Z", "user": 1, "content_type": 9, "object_id": "1", "object_repr": "Project Research", "action_flag": 3, "change_message": ""}}, {"model": "admin.logentry", "pk": 126, "fields": {"action_time": "2025-06-08T10:43:46.678Z", "user": 1, "content_type": 9, "object_id": "7", "object_repr": "Project Research", "action_flag": 1, "change_message": "[{\"added\": {}}]"}}, {"model": "admin.logentry", "pk": 127, "fields": {"action_time": "2025-06-08T10:45:11.990Z", "user": 1, "content_type": 9, "object_id": "8", "object_repr": "Building Analysis", "action_flag": 1, "change_message": "[{\"added\": {}}]"}}, {"model": "admin.logentry", "pk": 128, "fields": {"action_time": "2025-06-08T10:45:19.903Z", "user": 1, "content_type": 9, "object_id": "9", "object_repr": "Green Certification", "action_flag": 1, "change_message": "[{\"added\": {}}]"}}, {"model": "admin.logentry", "pk": 129, "fields": {"action_time": "2025-06-08T10:45:53.196Z", "user": 1, "content_type": 9, "object_id": "10", "object_repr": "BIM Management", "action_flag": 1, "change_message": "[{\"added\": {}}]"}}, {"model": "admin.logentry", "pk": 130, "fields": {"action_time": "2025-06-08T10:46:02.877Z", "user": 1, "content_type": 9, "object_id": "11", "object_repr": "BIM Modeling", "action_flag": 1, "change_message": "[{\"added\": {}}]"}}, {"model": "admin.logentry", "pk": 131, "fields": {"action_time": "2025-06-08T11:22:33.816Z", "user": 1, "content_type": 9, "object_id": "11", "object_repr": "BIM Modeling", "action_flag": 3, "change_message": ""}}, {"model": "admin.logentry", "pk": 132, "fields": {"action_time": "2025-06-08T11:22:33.816Z", "user": 1, "content_type": 9, "object_id": "10", "object_repr": "BIM Management", "action_flag": 3, "change_message": ""}}, {"model": "admin.logentry", "pk": 133, "fields": {"action_time": "2025-06-08T11:22:33.816Z", "user": 1, "content_type": 9, "object_id": "9", "object_repr": "Green Certification", "action_flag": 3, "change_message": ""}}, {"model": "admin.logentry", "pk": 134, "fields": {"action_time": "2025-06-08T11:22:33.816Z", "user": 1, "content_type": 9, "object_id": "8", "object_repr": "Building Analysis", "action_flag": 3, "change_message": ""}}, {"model": "admin.logentry", "pk": 135, "fields": {"action_time": "2025-06-08T11:22:33.816Z", "user": 1, "content_type": 9, "object_id": "7", "object_repr": "Project Research", "action_flag": 3, "change_message": ""}}, {"model": "admin.logentry", "pk": 136, "fields": {"action_time": "2025-06-08T11:59:07.001Z", "user": 1, "content_type": 9, "object_id": "12", "object_repr": "Project Research", "action_flag": 1, "change_message": "[{\"added\": {}}]"}}, {"model": "admin.logentry", "pk": 137, "fields": {"action_time": "2025-06-08T11:59:46.768Z", "user": 1, "content_type": 9, "object_id": "13", "object_repr": "Building Analysis", "action_flag": 1, "change_message": "[{\"added\": {}}]"}}, {"model": "admin.logentry", "pk": 138, "fields": {"action_time": "2025-06-08T12:00:02.351Z", "user": 1, "content_type": 9, "object_id": "13", "object_repr": "Building Analysis", "action_flag": 3, "change_message": ""}}, {"model": "admin.logentry", "pk": 139, "fields": {"action_time": "2025-06-08T12:00:15.971Z", "user": 1, "content_type": 9, "object_id": "12", "object_repr": "Project Research", "action_flag": 3, "change_message": ""}}, {"model": "admin.logentry", "pk": 140, "fields": {"action_time": "2025-06-08T12:01:08.202Z", "user": 1, "content_type": 9, "object_id": "14", "object_repr": "Project Research", "action_flag": 1, "change_message": "[{\"added\": {}}]"}}, {"model": "admin.logentry", "pk": 141, "fields": {"action_time": "2025-06-08T12:01:33.708Z", "user": 1, "content_type": 9, "object_id": "15", "object_repr": "Building Analysis", "action_flag": 1, "change_message": "[{\"added\": {}}]"}}, {"model": "admin.logentry", "pk": 142, "fields": {"action_time": "2025-06-08T12:01:45.149Z", "user": 1, "content_type": 9, "object_id": "16", "object_repr": "Green Certification", "action_flag": 1, "change_message": "[{\"added\": {}}]"}}, {"model": "admin.logentry", "pk": 143, "fields": {"action_time": "2025-06-08T12:01:58.769Z", "user": 1, "content_type": 9, "object_id": "17", "object_repr": "BIM Management", "action_flag": 1, "change_message": "[{\"added\": {}}]"}}, {"model": "admin.logentry", "pk": 144, "fields": {"action_time": "2025-06-08T12:02:40.704Z", "user": 1, "content_type": 9, "object_id": "18", "object_repr": "BIM Modeling", "action_flag": 1, "change_message": "[{\"added\": {}}]"}}, {"model": "admin.logentry", "pk": 145, "fields": {"action_time": "2025-06-08T12:03:07.258Z", "user": 1, "content_type": 9, "object_id": "19", "object_repr": "Parametric Design", "action_flag": 1, "change_message": "[{\"added\": {}}]"}}, {"model": "admin.logentry", "pk": 146, "fields": {"action_time": "2025-06-08T12:03:20.971Z", "user": 1, "content_type": 9, "object_id": "20", "object_repr": "Computational Design", "action_flag": 1, "change_message": "[{\"added\": {}}]"}}, {"model": "admin.logentry", "pk": 147, "fields": {"action_time": "2025-06-08T12:03:35.716Z", "user": 1, "content_type": 9, "object_id": "21", "object_repr": "Building Regulations", "action_flag": 1, "change_message": "[{\"added\": {}}]"}}, {"model": "admin.logentry", "pk": 148, "fields": {"action_time": "2025-06-08T12:03:49.392Z", "user": 1, "content_type": 9, "object_id": "22", "object_repr": "Data Management", "action_flag": 1, "change_message": "[{\"added\": {}}]"}}, {"model": "admin.logentry", "pk": 149, "fields": {"action_time": "2025-06-08T12:04:02.270Z", "user": 1, "content_type": 9, "object_id": "23", "object_repr": "IT Management", "action_flag": 1, "change_message": "[{\"added\": {}}]"}}, {"model": "admin.logentry", "pk": 150, "fields": {"action_time": "2025-06-08T12:04:18.181Z", "user": 1, "content_type": 9, "object_id": "24", "object_repr": "AV Management", "action_flag": 1, "change_message": "[{\"added\": {}}]"}}, {"model": "admin.logentry", "pk": 151, "fields": {"action_time": "2025-06-08T12:04:43.229Z", "user": 1, "content_type": 9, "object_id": "25", "object_repr": "Other", "action_flag": 1, "change_message": "[{\"added\": {}}]"}}, {"model": "admin.logentry", "pk": 152, "fields": {"action_time": "2025-06-09T07:49:54.032Z", "user": 1, "content_type": 11, "object_id": "15", "object_repr": "PR", "action_flag": 1, "change_message": "[{\"added\": {}}]"}}, {"model": "admin.logentry", "pk": 153, "fields": {"action_time": "2025-06-09T07:50:44.039Z", "user": 1, "content_type": 11, "object_id": "16", "object_repr": "MM", "action_flag": 1, "change_message": "[{\"added\": {}}]"}}, {"model": "admin.logentry", "pk": 154, "fields": {"action_time": "2025-06-09T07:51:02.044Z", "user": 1, "content_type": 11, "object_id": "17", "object_repr": "MMM", "action_flag": 1, "change_message": "[{\"added\": {}}]"}}, {"model": "admin.logentry", "pk": 155, "fields": {"action_time": "2025-06-09T16:06:41.686Z", "user": 1, "content_type": 7, "object_id": "5", "object_repr": "WXYZ - Data Management", "action_flag": 3, "change_message": ""}}, {"model": "admin.logentry", "pk": 156, "fields": {"action_time": "2025-06-09T16:15:40.927Z", "user": 1, "content_type": 7, "object_id": "7", "object_repr": "1234 - IT Management", "action_flag": 3, "change_message": ""}}, {"model": "admin.logentry", "pk": 157, "fields": {"action_time": "2025-06-09T16:35:51.076Z", "user": 1, "content_type": 7, "object_id": "3", "object_repr": "LAWZ - Parametric Design", "action_flag": 3, "change_message": ""}}, {"model": "admin.logentry", "pk": 158, "fields": {"action_time": "2025-06-11T13:34:31.376Z", "user": 1, "content_type": 10, "object_id": "7", "object_repr": "Post Construction", "action_flag": 3, "change_message": ""}}, {"model": "admin.logentry", "pk": 159, "fields": {"action_time": "2025-06-11T13:34:31.376Z", "user": 1, "content_type": 10, "object_id": "6", "object_repr": "Construction Drawing", "action_flag": 3, "change_message": ""}}, {"model": "admin.logentry", "pk": 160, "fields": {"action_time": "2025-06-11T13:34:31.376Z", "user": 1, "content_type": 10, "object_id": "5", "object_repr": "Tender", "action_flag": 3, "change_message": ""}}, {"model": "admin.logentry", "pk": 161, "fields": {"action_time": "2025-06-11T13:34:31.376Z", "user": 1, "content_type": 10, "object_id": "4", "object_repr": "Design Development", "action_flag": 3, "change_message": ""}}, {"model": "admin.logentry", "pk": 162, "fields": {"action_time": "2025-06-11T13:34:31.376Z", "user": 1, "content_type": 10, "object_id": "3", "object_repr": "Schematic Design", "action_flag": 3, "change_message": ""}}, {"model": "admin.logentry", "pk": 163, "fields": {"action_time": "2025-06-11T13:34:31.376Z", "user": 1, "content_type": 10, "object_id": "2", "object_repr": "Preliminary Design", "action_flag": 3, "change_message": ""}}, {"model": "admin.logentry", "pk": 164, "fields": {"action_time": "2025-06-11T13:34:31.376Z", "user": 1, "content_type": 10, "object_id": "1", "object_repr": "Inception", "action_flag": 3, "change_message": ""}}, {"model": "admin.logentry", "pk": 165, "fields": {"action_time": "2025-06-11T13:35:27.400Z", "user": 1, "content_type": 11, "object_id": "18", "object_repr": "00_Competition", "action_flag": 1, "change_message": "[{\"added\": {}}]"}}, {"model": "admin.logentry", "pk": 166, "fields": {"action_time": "2025-06-11T13:35:48.348Z", "user": 1, "content_type": 11, "object_id": "19", "object_repr": "01_Project Study", "action_flag": 1, "change_message": "[{\"added\": {}}]"}}, {"model": "admin.logentry", "pk": 167, "fields": {"action_time": "2025-06-11T13:36:02.133Z", "user": 1, "content_type": 11, "object_id": "20", "object_repr": "02_Master Plan", "action_flag": 1, "change_message": "[{\"added\": {}}]"}}, {"model": "admin.logentry", "pk": 168, "fields": {"action_time": "2025-06-11T13:36:20.248Z", "user": 1, "content_type": 11, "object_id": "21", "object_repr": "03_Preliminary", "action_flag": 1, "change_message": "[{\"added\": {}}]"}}, {"model": "admin.logentry", "pk": 169, "fields": {"action_time": "2025-06-11T13:36:38.012Z", "user": 1, "content_type": 11, "object_id": "22", "object_repr": "04_Design Development", "action_flag": 1, "change_message": "[{\"added\": {}}]"}}, {"model": "admin.logentry", "pk": 170, "fields": {"action_time": "2025-06-11T13:36:58.595Z", "user": 1, "content_type": 11, "object_id": "23", "object_repr": "05_Tendering / Bidding", "action_flag": 1, "change_message": "[{\"added\": {}}]"}}, {"model": "admin.logentry", "pk": 171, "fields": {"action_time": "2025-06-11T13:37:36.434Z", "user": 1, "content_type": 11, "object_id": "24", "object_repr": "06_Permit Submission", "action_flag": 1, "change_message": "[{\"added\": {}}]"}}, {"model": "admin.logentry", "pk": 172, "fields": {"action_time": "2025-06-11T13:37:50.239Z", "user": 1, "content_type": 11, "object_id": "25", "object_repr": "07_EIA / IEE", "action_flag": 1, "change_message": "[{\"added\": {}}]"}}, {"model": "admin.logentry", "pk": 173, "fields": {"action_time": "2025-06-11T13:38:08.621Z", "user": 1, "content_type": 11, "object_id": "26", "object_repr": "08_For Construction", "action_flag": 1, "change_message": "[{\"added\": {}}]"}}, {"model": "admin.logentry", "pk": 174, "fields": {"action_time": "2025-06-11T13:38:51.911Z", "user": 1, "content_type": 11, "object_id": "27", "object_repr": "09_Construction Administration", "action_flag": 1, "change_message": "[{\"added\": {}}]"}}, {"model": "admin.logentry", "pk": 175, "fields": {"action_time": "2025-06-11T13:41:13.931Z", "user": 1, "content_type": 11, "object_id": "27", "object_repr": "09_Construction Administration", "action_flag": 3, "change_message": ""}}, {"model": "admin.logentry", "pk": 176, "fields": {"action_time": "2025-06-11T13:41:13.931Z", "user": 1, "content_type": 11, "object_id": "26", "object_repr": "08_For Construction", "action_flag": 3, "change_message": ""}}, {"model": "admin.logentry", "pk": 177, "fields": {"action_time": "2025-06-11T13:41:13.931Z", "user": 1, "content_type": 11, "object_id": "25", "object_repr": "07_EIA / IEE", "action_flag": 3, "change_message": ""}}, {"model": "admin.logentry", "pk": 178, "fields": {"action_time": "2025-06-11T13:41:13.931Z", "user": 1, "content_type": 11, "object_id": "24", "object_repr": "06_Permit Submission", "action_flag": 3, "change_message": ""}}, {"model": "admin.logentry", "pk": 179, "fields": {"action_time": "2025-06-11T13:41:13.931Z", "user": 1, "content_type": 11, "object_id": "23", "object_repr": "05_Tendering / Bidding", "action_flag": 3, "change_message": ""}}, {"model": "admin.logentry", "pk": 180, "fields": {"action_time": "2025-06-11T13:41:13.931Z", "user": 1, "content_type": 11, "object_id": "22", "object_repr": "04_Design Development", "action_flag": 3, "change_message": ""}}, {"model": "admin.logentry", "pk": 181, "fields": {"action_time": "2025-06-11T13:41:13.931Z", "user": 1, "content_type": 11, "object_id": "21", "object_repr": "03_Preliminary", "action_flag": 3, "change_message": ""}}, {"model": "admin.logentry", "pk": 182, "fields": {"action_time": "2025-06-11T13:41:13.931Z", "user": 1, "content_type": 11, "object_id": "20", "object_repr": "02_Master Plan", "action_flag": 3, "change_message": ""}}, {"model": "admin.logentry", "pk": 183, "fields": {"action_time": "2025-06-11T13:41:13.931Z", "user": 1, "content_type": 11, "object_id": "19", "object_repr": "01_Project Study", "action_flag": 3, "change_message": ""}}, {"model": "admin.logentry", "pk": 184, "fields": {"action_time": "2025-06-11T13:41:13.931Z", "user": 1, "content_type": 11, "object_id": "18", "object_repr": "00_Competition", "action_flag": 3, "change_message": ""}}, {"model": "admin.logentry", "pk": 185, "fields": {"action_time": "2025-06-11T13:43:48.292Z", "user": 1, "content_type": 10, "object_id": "8", "object_repr": "00_Competition", "action_flag": 1, "change_message": "[{\"added\": {}}]"}}, {"model": "admin.logentry", "pk": 186, "fields": {"action_time": "2025-06-11T13:43:53.179Z", "user": 1, "content_type": 10, "object_id": "9", "object_repr": "01_Project Study", "action_flag": 1, "change_message": "[{\"added\": {}}]"}}, {"model": "admin.logentry", "pk": 187, "fields": {"action_time": "2025-06-11T13:43:59.807Z", "user": 1, "content_type": 10, "object_id": "10", "object_repr": "02_Master Plan", "action_flag": 1, "change_message": "[{\"added\": {}}]"}}, {"model": "admin.logentry", "pk": 188, "fields": {"action_time": "2025-06-11T13:44:05.543Z", "user": 1, "content_type": 10, "object_id": "11", "object_repr": "03_Preliminary", "action_flag": 1, "change_message": "[{\"added\": {}}]"}}, {"model": "admin.logentry", "pk": 189, "fields": {"action_time": "2025-06-11T13:44:10.530Z", "user": 1, "content_type": 10, "object_id": "12", "object_repr": "04_Design Development", "action_flag": 1, "change_message": "[{\"added\": {}}]"}}, {"model": "admin.logentry", "pk": 190, "fields": {"action_time": "2025-06-11T13:44:15.022Z", "user": 1, "content_type": 10, "object_id": "13", "object_repr": "05_Tendering / Bidding", "action_flag": 1, "change_message": "[{\"added\": {}}]"}}, {"model": "admin.logentry", "pk": 191, "fields": {"action_time": "2025-06-11T13:44:19.360Z", "user": 1, "content_type": 10, "object_id": "14", "object_repr": "06_Permit Submission", "action_flag": 1, "change_message": "[{\"added\": {}}]"}}, {"model": "admin.logentry", "pk": 192, "fields": {"action_time": "2025-06-11T13:44:23.496Z", "user": 1, "content_type": 10, "object_id": "15", "object_repr": "07_EIA / IEE", "action_flag": 1, "change_message": "[{\"added\": {}}]"}}, {"model": "admin.logentry", "pk": 193, "fields": {"action_time": "2025-06-11T13:44:27.804Z", "user": 1, "content_type": 10, "object_id": "16", "object_repr": "08_For Construction", "action_flag": 1, "change_message": "[{\"added\": {}}]"}}, {"model": "admin.logentry", "pk": 194, "fields": {"action_time": "2025-06-11T13:44:33.561Z", "user": 1, "content_type": 10, "object_id": "17", "object_repr": "09_Construction Administration", "action_flag": 1, "change_message": "[{\"added\": {}}]"}}, {"model": "admin.logentry", "pk": 195, "fields": {"action_time": "2025-06-11T13:44:40.481Z", "user": 1, "content_type": 10, "object_id": "18", "object_repr": "10_Post Construction", "action_flag": 1, "change_message": "[{\"added\": {}}]"}}, {"model": "admin.logentry", "pk": 196, "fields": {"action_time": "2025-06-11T14:04:59.794Z", "user": 1, "content_type": 11, "object_id": "17", "object_repr": "MMM", "action_flag": 3, "change_message": ""}}, {"model": "admin.logentry", "pk": 197, "fields": {"action_time": "2025-06-11T14:04:59.794Z", "user": 1, "content_type": 11, "object_id": "16", "object_repr": "MM", "action_flag": 3, "change_message": ""}}, {"model": "admin.logentry", "pk": 198, "fields": {"action_time": "2025-06-11T14:04:59.794Z", "user": 1, "content_type": 11, "object_id": "15", "object_repr": "PR", "action_flag": 3, "change_message": ""}}, {"model": "admin.logentry", "pk": 199, "fields": {"action_time": "2025-06-11T14:04:59.794Z", "user": 1, "content_type": 11, "object_id": "14", "object_repr": "BD", "action_flag": 3, "change_message": ""}}, {"model": "admin.logentry", "pk": 200, "fields": {"action_time": "2025-06-11T14:04:59.794Z", "user": 1, "content_type": 11, "object_id": "13", "object_repr": "HR", "action_flag": 3, "change_message": ""}}, {"model": "admin.logentry", "pk": 201, "fields": {"action_time": "2025-06-11T14:04:59.794Z", "user": 1, "content_type": 11, "object_id": "12", "object_repr": "Finance", "action_flag": 3, "change_message": ""}}, {"model": "admin.logentry", "pk": 202, "fields": {"action_time": "2025-06-11T14:04:59.794Z", "user": 1, "content_type": 11, "object_id": "11", "object_repr": "Admin", "action_flag": 3, "change_message": ""}}, {"model": "admin.logentry", "pk": 203, "fields": {"action_time": "2025-06-11T14:04:59.794Z", "user": 1, "content_type": 11, "object_id": "8", "object_repr": "Model", "action_flag": 3, "change_message": ""}}, {"model": "admin.logentry", "pk": 204, "fields": {"action_time": "2025-06-11T14:04:59.794Z", "user": 1, "content_type": 11, "object_id": "6", "object_repr": "Specification", "action_flag": 3, "change_message": ""}}, {"model": "admin.logentry", "pk": 205, "fields": {"action_time": "2025-06-11T14:04:59.794Z", "user": 1, "content_type": 11, "object_id": "5", "object_repr": "Estimate", "action_flag": 3, "change_message": ""}}, {"model": "admin.logentry", "pk": 206, "fields": {"action_time": "2025-06-11T14:05:14.731Z", "user": 1, "content_type": 11, "object_id": "28", "object_repr": "Studio Interior", "action_flag": 1, "change_message": "[{\"added\": {}}]"}}, {"model": "admin.logentry", "pk": 207, "fields": {"action_time": "2025-06-11T14:05:38.921Z", "user": 1, "content_type": 11, "object_id": "28", "object_repr": "Studio Interior", "action_flag": 3, "change_message": ""}}, {"model": "admin.logentry", "pk": 208, "fields": {"action_time": "2025-06-11T14:05:46.965Z", "user": 1, "content_type": 11, "object_id": "29", "object_repr": "Interior", "action_flag": 1, "change_message": "[{\"added\": {}}]"}}, {"model": "admin.logentry", "pk": 209, "fields": {"action_time": "2025-06-11T14:05:51.175Z", "user": 1, "content_type": 11, "object_id": "30", "object_repr": "Specification", "action_flag": 1, "change_message": "[{\"added\": {}}]"}}, {"model": "admin.logentry", "pk": 210, "fields": {"action_time": "2025-06-11T14:05:55.772Z", "user": 1, "content_type": 11, "object_id": "31", "object_repr": "Estimation", "action_flag": 1, "change_message": "[{\"added\": {}}]"}}, {"model": "admin.logentry", "pk": 211, "fields": {"action_time": "2025-06-11T14:05:59.214Z", "user": 1, "content_type": 11, "object_id": "32", "object_repr": "Model", "action_flag": 1, "change_message": "[{\"added\": {}}]"}}, {"model": "admin.logentry", "pk": 212, "fields": {"action_time": "2025-06-11T14:06:03.341Z", "user": 1, "content_type": 11, "object_id": "33", "object_repr": "Admin", "action_flag": 1, "change_message": "[{\"added\": {}}]"}}, {"model": "admin.logentry", "pk": 213, "fields": {"action_time": "2025-06-11T14:06:07.397Z", "user": 1, "content_type": 11, "object_id": "34", "object_repr": "HR", "action_flag": 1, "change_message": "[{\"added\": {}}]"}}, {"model": "admin.logentry", "pk": 214, "fields": {"action_time": "2025-06-11T14:06:10.801Z", "user": 1, "content_type": 11, "object_id": "35", "object_repr": "Account", "action_flag": 1, "change_message": "[{\"added\": {}}]"}}, {"model": "admin.logentry", "pk": 215, "fields": {"action_time": "2025-06-11T14:06:14.470Z", "user": 1, "content_type": 11, "object_id": "36", "object_repr": "Finance", "action_flag": 1, "change_message": "[{\"added\": {}}]"}}, {"model": "admin.logentry", "pk": 216, "fields": {"action_time": "2025-06-11T14:06:18.350Z", "user": 1, "content_type": 11, "object_id": "37", "object_repr": "BD", "action_flag": 1, "change_message": "[{\"added\": {}}]"}}, {"model": "admin.logentry", "pk": 217, "fields": {"action_time": "2025-06-11T14:06:22.343Z", "user": 1, "content_type": 11, "object_id": "38", "object_repr": "PR", "action_flag": 1, "change_message": "[{\"added\": {}}]"}}, {"model": "admin.logentry", "pk": 218, "fields": {"action_time": "2025-06-11T14:06:28.521Z", "user": 1, "content_type": 11, "object_id": "39", "object_repr": "MM", "action_flag": 1, "change_message": "[{\"added\": {}}]"}}, {"model": "admin.logentry", "pk": 219, "fields": {"action_time": "2025-06-11T14:06:33.598Z", "user": 1, "content_type": 11, "object_id": "40", "object_repr": "MMM", "action_flag": 1, "change_message": "[{\"added\": {}}]"}}, {"model": "admin.logentry", "pk": 220, "fields": {"action_time": "2025-06-14T08:35:33.352Z", "user": 1, "content_type": 4, "object_id": "1", "object_repr": "admin", "action_flag": 2, "change_message": "[]"}}, {"model": "auth.permission", "pk": 1, "fields": {"name": "Can add log entry", "content_type": 1, "codename": "add_logentry"}}, {"model": "auth.permission", "pk": 2, "fields": {"name": "Can change log entry", "content_type": 1, "codename": "change_logentry"}}, {"model": "auth.permission", "pk": 3, "fields": {"name": "Can delete log entry", "content_type": 1, "codename": "delete_logentry"}}, {"model": "auth.permission", "pk": 4, "fields": {"name": "Can view log entry", "content_type": 1, "codename": "view_logentry"}}, {"model": "auth.permission", "pk": 5, "fields": {"name": "Can add permission", "content_type": 2, "codename": "add_permission"}}, {"model": "auth.permission", "pk": 6, "fields": {"name": "Can change permission", "content_type": 2, "codename": "change_permission"}}, {"model": "auth.permission", "pk": 7, "fields": {"name": "Can delete permission", "content_type": 2, "codename": "delete_permission"}}, {"model": "auth.permission", "pk": 8, "fields": {"name": "Can view permission", "content_type": 2, "codename": "view_permission"}}, {"model": "auth.permission", "pk": 9, "fields": {"name": "Can add group", "content_type": 3, "codename": "add_group"}}, {"model": "auth.permission", "pk": 10, "fields": {"name": "Can change group", "content_type": 3, "codename": "change_group"}}, {"model": "auth.permission", "pk": 11, "fields": {"name": "Can delete group", "content_type": 3, "codename": "delete_group"}}, {"model": "auth.permission", "pk": 12, "fields": {"name": "Can view group", "content_type": 3, "codename": "view_group"}}, {"model": "auth.permission", "pk": 13, "fields": {"name": "Can add user", "content_type": 4, "codename": "add_user"}}, {"model": "auth.permission", "pk": 14, "fields": {"name": "Can change user", "content_type": 4, "codename": "change_user"}}, {"model": "auth.permission", "pk": 15, "fields": {"name": "Can delete user", "content_type": 4, "codename": "delete_user"}}, {"model": "auth.permission", "pk": 16, "fields": {"name": "Can view user", "content_type": 4, "codename": "view_user"}}, {"model": "auth.permission", "pk": 17, "fields": {"name": "Can add content type", "content_type": 5, "codename": "add_contenttype"}}, {"model": "auth.permission", "pk": 18, "fields": {"name": "Can change content type", "content_type": 5, "codename": "change_contenttype"}}, {"model": "auth.permission", "pk": 19, "fields": {"name": "Can delete content type", "content_type": 5, "codename": "delete_contenttype"}}, {"model": "auth.permission", "pk": 20, "fields": {"name": "Can view content type", "content_type": 5, "codename": "view_contenttype"}}, {"model": "auth.permission", "pk": 21, "fields": {"name": "Can add session", "content_type": 6, "codename": "add_session"}}, {"model": "auth.permission", "pk": 22, "fields": {"name": "Can change session", "content_type": 6, "codename": "change_session"}}, {"model": "auth.permission", "pk": 23, "fields": {"name": "Can delete session", "content_type": 6, "codename": "delete_session"}}, {"model": "auth.permission", "pk": 24, "fields": {"name": "Can view session", "content_type": 6, "codename": "view_session"}}, {"model": "auth.permission", "pk": 25, "fields": {"name": "Can add task request", "content_type": 7, "codename": "add_taskrequest"}}, {"model": "auth.permission", "pk": 26, "fields": {"name": "Can change task request", "content_type": 7, "codename": "change_taskrequest"}}, {"model": "auth.permission", "pk": 27, "fields": {"name": "Can delete task request", "content_type": 7, "codename": "delete_taskrequest"}}, {"model": "auth.permission", "pk": 28, "fields": {"name": "Can view task request", "content_type": 7, "codename": "view_taskrequest"}}, {"model": "auth.permission", "pk": 29, "fields": {"name": "Can add iris team", "content_type": 8, "codename": "add_iristeam"}}, {"model": "auth.permission", "pk": 30, "fields": {"name": "Can change iris team", "content_type": 8, "codename": "change_iristeam"}}, {"model": "auth.permission", "pk": 31, "fields": {"name": "Can delete iris team", "content_type": 8, "codename": "delete_iristeam"}}, {"model": "auth.permission", "pk": 32, "fields": {"name": "Can view iris team", "content_type": 8, "codename": "view_iristeam"}}, {"model": "auth.permission", "pk": 33, "fields": {"name": "Can add task type", "content_type": 9, "codename": "add_tasktype"}}, {"model": "auth.permission", "pk": 34, "fields": {"name": "Can change task type", "content_type": 9, "codename": "change_tasktype"}}, {"model": "auth.permission", "pk": 35, "fields": {"name": "Can delete task type", "content_type": 9, "codename": "delete_tasktype"}}, {"model": "auth.permission", "pk": 36, "fields": {"name": "Can view task type", "content_type": 9, "codename": "view_tasktype"}}, {"model": "auth.permission", "pk": 37, "fields": {"name": "Can add design stage", "content_type": 10, "codename": "add_designstage"}}, {"model": "auth.permission", "pk": 38, "fields": {"name": "Can change design stage", "content_type": 10, "codename": "change_designstage"}}, {"model": "auth.permission", "pk": 39, "fields": {"name": "Can delete design stage", "content_type": 10, "codename": "delete_designstage"}}, {"model": "auth.permission", "pk": 40, "fields": {"name": "Can view design stage", "content_type": 10, "codename": "view_designstage"}}, {"model": "auth.permission", "pk": 41, "fields": {"name": "Can add department", "content_type": 11, "codename": "add_department"}}, {"model": "auth.permission", "pk": 42, "fields": {"name": "Can change department", "content_type": 11, "codename": "change_department"}}, {"model": "auth.permission", "pk": 43, "fields": {"name": "Can delete department", "content_type": 11, "codename": "delete_department"}}, {"model": "auth.permission", "pk": 44, "fields": {"name": "Can view department", "content_type": 11, "codename": "view_department"}}, {"model": "auth.user", "pk": 1, "fields": {"password": "pbkdf2_sha256$1000000$D6lDSoQxedv7ssJ2zdapCi$AwQ7+5jMLjadJ0wY3lVmn3g5YYjdBJtHQ6au2raKCvc=", "last_login": "2025-06-14T08:05:54Z", "is_superuser": true, "username": "admin", "first_name": "", "last_name": "", "email": "bunda@a49.co.th", "is_staff": true, "is_active": true, "date_joined": "2025-05-10T12:40:13Z", "groups": [], "user_permissions": []}}, {"model": "contenttypes.contenttype", "pk": 1, "fields": {"app_label": "admin", "model": "logentry"}}, {"model": "contenttypes.contenttype", "pk": 2, "fields": {"app_label": "auth", "model": "permission"}}, {"model": "contenttypes.contenttype", "pk": 3, "fields": {"app_label": "auth", "model": "group"}}, {"model": "contenttypes.contenttype", "pk": 4, "fields": {"app_label": "auth", "model": "user"}}, {"model": "contenttypes.contenttype", "pk": 5, "fields": {"app_label": "contenttypes", "model": "contenttype"}}, {"model": "contenttypes.contenttype", "pk": 6, "fields": {"app_label": "sessions", "model": "session"}}, {"model": "contenttypes.contenttype", "pk": 7, "fields": {"app_label": "tasks", "model": "taskrequest"}}, {"model": "contenttypes.contenttype", "pk": 8, "fields": {"app_label": "tasks", "model": "iristeam"}}, {"model": "contenttypes.contenttype", "pk": 9, "fields": {"app_label": "tasks", "model": "tasktype"}}, {"model": "contenttypes.contenttype", "pk": 10, "fields": {"app_label": "tasks", "model": "designstage"}}, {"model": "contenttypes.contenttype", "pk": 11, "fields": {"app_label": "tasks", "model": "department"}}, {"model": "sessions.session", "pk": "1yfnmt2nlrleemqr25ypy63yezet2epm", "fields": {"session_data": ".eJxVjDkOwjAUBe_iGlnJ9xYo6XOG6G_BAWRLWSrE3SFSCmjfzLyXGXBb87AtOg-TmItpzel3I-SHlh3IHcutWq5lnSeyu2IPuti-ij6vh_t3kHHJ31qZsQGMrN53KGNQd-5cG0kkADXsEBJ1DUhwnhLACEQupQAQEcSreX8A_zU4FQ:1uEjTs:zz-YJLXBY3TGH8MZb7YdyM_YQ-PhxNpdAVQzWbJBl0A", "expire_date": "2025-05-27T06:51:12.548Z"}}, {"model": "sessions.session", "pk": "6x8dso68o2ha33oq5qvbirsgzgy095n6", "fields": {"session_data": ".eJxVjDkOwjAUBe_iGlnJ9xYo6XOG6G_BAWRLWSrE3SFSCmjfzLyXGXBb87AtOg-TmItpzel3I-SHlh3IHcutWq5lnSeyu2IPuti-ij6vh_t3kHHJ31qZsQGMrN53KGNQd-5cG0kkADXsEBJ1DUhwnhLACEQupQAQEcSreX8A_zU4FQ:1uLNbx:gvuPcRHhbNv_wl970yizKcwlJ6QHOHpnfa_LsD81OCA", "expire_date": "2025-06-14T14:55:01.617Z"}}, {"model": "sessions.session", "pk": "itkj9iq8xkddnoaqyz3248p0ixzelt5k", "fields": {"session_data": ".eJxVjDkOwjAUBe_iGlnJ9xYo6XOG6G_BAWRLWSrE3SFSCmjfzLyXGXBb87AtOg-TmItpzel3I-SHlh3IHcutWq5lnSeyu2IPuti-ij6vh_t3kHHJ31qZsQGMrN53KGNQd-5cG0kkADXsEBJ1DUhwnhLACEQupQAQEcSreX8A_zU4FQ:1uJrvA:-TpjNqCzIimMRQUCxOwnVENvjh2ASTGbxYq4lPTY1IM", "expire_date": "2025-06-10T10:52:36.944Z"}}, {"model": "sessions.session", "pk": "vwfihgb5hkj9mwr0m46yzsqt8pphysiy", "fields": {"session_data": ".eJxVjDkOwjAUBe_iGlnJ9xYo6XOG6G_BAWRLWSrE3SFSCmjfzLyXGXBb87AtOg-TmItpzel3I-SHlh3IHcutWq5lnSeyu2IPuti-ij6vh_t3kHHJ31qZsQGMrN53KGNQd-5cG0kkADXsEBJ1DUhwnhLACEQupQAQEcSreX8A_zU4FQ:1uOx0r:EJCQvU9RH1eTrdEkAAR9gxKBmnDq7kQ5gHN1jU4uATE", "expire_date": "2025-06-24T11:19:29.040Z"}}, {"model": "sessions.session", "pk": "vy8m8x85j4d0tch5ozn9lsa7usq4n48q", "fields": {"session_data": ".eJxVjDkOwjAUBe_iGlnJ9xYo6XOG6G_BAWRLWSrE3SFSCmjfzLyXGXBb87AtOg-TmItpzel3I-SHlh3IHcutWq5lnSeyu2IPuti-ij6vh_t3kHHJ31qZsQGMrN53KGNQd-5cG0kkADXsEBJ1DUhwnhLACEQupQAQEcSreX8A_zU4FQ:1uDjWo:AqJ6UCxbok2Yr9pjLnGHWD4C8OifPgJOU99dMGGUr4g", "expire_date": "2025-05-24T12:42:06.611Z"}}, {"model": "sessions.session", "pk": "wxcoo9kxl3vazuc7m98qvepvs6ml1rcl", "fields": {"session_data": ".eJxVjDkOwjAUBe_iGlnJ9xYo6XOG6G_BAWRLWSrE3SFSCmjfzLyXGXBb87AtOg-TmItpzel3I-SHlh3IHcutWq5lnSeyu2IPuti-ij6vh_t3kHHJ31qZsQGMrN53KGNQd-5cG0kkADXsEBJ1DUhwnhLACEQupQAQEcSreX8A_zU4FQ:1uQ1Cg:AdSTXzXDHpRI0YATNW5WPdEEmWWuq4yoTYbNH-WqhEY", "expire_date": "2025-06-27T10:00:06.633Z"}}, {"model": "sessions.session", "pk": "xroo1sp05inqp1k6s9gcp8qjq29mw855", "fields": {"session_data": ".eJxVjDkOwjAUBe_iGlnJ9xYo6XOG6G_BAWRLWSrE3SFSCmjfzLyXGXBb87AtOg-TmItpzel3I-SHlh3IHcutWq5lnSeyu2IPuti-ij6vh_t3kHHJ31qZsQGMrN53KGNQd-5cG0kkADXsEBJ1DUhwnhLACEQupQAQEcSreX8A_zU4FQ:1uMUit:OWx6ApR2aDzbvWlYgjBiriHl70_iejSrQ-IwIosEVU8", "expire_date": "2025-06-17T16:42:47.388Z"}}, {"model": "tasks.taskrequest", "pk": 1, "fields": {"project_name": "AAAA", "design_stage": null, "requester_name": "Ben", "requester_email": "bunda@a49.co.th", "project_manager_email": null, "department": 1, "created_by": 1, "task": "Sun path study", "task_type": 15, "task_description": "Please provide Sun path study", "attachment": "", "preferred_team": 1, "request_date": "2025-06-09", "preferred_due_date": "2025-06-13", "start_date": "2025-06-10", "status": "Complete", "assigned_team": 1, "collab_team": null, "assigned_to": "Toei", "priority": "High"}}, {"model": "tasks.taskrequest", "pk": 2, "fields": {"project_name": "WXYZ", "design_stage": null, "requester_name": "Chomp", "requester_email": "bunda@a49.co.th", "project_manager_email": null, "department": 3, "created_by": 1, "task": "BIM Family", "task_type": 18, "task_description": "Please help create door family", "attachment": "", "preferred_team": 2, "request_date": "2025-06-09", "preferred_due_date": "2025-06-19", "start_date": "2025-06-10", "status": "Complete", "assigned_team": 2, "collab_team": null, "assigned_to": "Toei", "priority": "High"}}, {"model": "tasks.taskrequest", "pk": 4, "fields": {"project_name": "AAAA", "design_stage": null, "requester_name": "Boy", "requester_email": "bunda@a49.co.th", "project_manager_email": null, "department": 3, "created_by": 1, "task": "Leed", "task_type": 16, "task_description": "oifydufyhsd;ufhsdufh;sd", "attachment": "", "preferred_team": 1, "request_date": "2025-06-09", "preferred_due_date": "2025-06-24", "start_date": "2025-06-19", "status": "In Progress", "assigned_team": 1, "collab_team": 2, "assigned_to": "Toei", "priority": "Medium"}}, {"model": "tasks.taskrequest", "pk": 6, "fields": {"project_name": "WXYZ", "design_stage": null, "requester_name": "Boy", "requester_email": "bunda@a49.co.th", "project_manager_email": null, "department": 3, "created_by": 1, "task": "Set audio", "task_type": 24, "task_description": "Evant coordination", "attachment": "C:\\Users\\Ben Pongprot\\OneDrive\\Desktop\\APPL Submission", "preferred_team": 7, "request_date": "2025-06-09", "preferred_due_date": "2025-06-19", "start_date": "2025-06-17", "status": "In Progress", "assigned_team": 7, "collab_team": null, "assigned_to": "Top", "priority": "Low"}}, {"model": "tasks.taskrequest", "pk": 8, "fields": {"project_name": "1234", "design_stage": null, "requester_name": "Boy", "requester_email": "bunda@a49.co.th", "project_manager_email": null, "department": null, "created_by": 1, "task": "Folder full", "task_type": 23, "task_description": "fdsfdsfdfdf", "attachment": "https://architects49-my.sharepoint.com/:b:/g/personal/bunda_a49_co_th/EdF8K9b741xCnkcxbOmHfaUBeh_JH05v4Bj4FE76444Rlg?e=5WHbQj", "preferred_team": 6, "request_date": "2025-06-09", "preferred_due_date": "2025-06-24", "start_date": "2025-06-20", "status": "In Progress", "assigned_team": 6, "collab_team": null, "assigned_to": null, "priority": "Medium"}}, {"model": "tasks.taskrequest", "pk": 9, "fields": {"project_name": "YHSI", "design_stage": null, "requester_name": "Boy", "requester_email": "bunda@a49.co.th", "project_manager_email": null, "department": null, "created_by": 1, "task": "Test", "task_type": 19, "task_description": "fsfdfdsfdsfdsf", "attachment": "https://www.yahoo.com/", "preferred_team": 3, "request_date": "2025-06-09", "preferred_due_date": "2025-06-18", "start_date": "2025-06-17", "status": "In Progress", "assigned_team": 3, "collab_team": null, "assigned_to": "Loren", "priority": "Medium"}}, {"model": "tasks.taskrequest", "pk": 10, "fields": {"project_name": "SSSF", "design_stage": null, "requester_name": "Ben", "requester_email": "bunda@a49.co.th", "project_manager_email": null, "department": 2, "created_by": 1, "task": "Leed", "task_type": 24, "task_description": "rewrerwer", "attachment": null, "preferred_team": 7, "request_date": "2025-06-10", "preferred_due_date": "2025-06-19", "start_date": "2025-06-13", "status": "In Progress", "assigned_team": 1, "collab_team": null, "assigned_to": null, "priority": "Medium"}}, {"model": "tasks.taskrequest", "pk": 11, "fields": {"project_name": "JJDD", "design_stage": null, "requester_name": "Ben", "requester_email": "bunda@a49.co.th", "project_manager_email": null, "department": null, "created_by": 1, "task": "eqeqwee", "task_type": 14, "task_description": "qwewqeqwewqe", "attachment": null, "preferred_team": 4, "request_date": "2025-06-10", "preferred_due_date": "2025-06-10", "start_date": "2025-06-07", "status": "In Progress", "assigned_team": 4, "collab_team": null, "assigned_to": null, "priority": "Medium"}}, {"model": "tasks.taskrequest", "pk": 12, "fields": {"project_name": "KDHJ", "design_stage": null, "requester_name": "Ben", "requester_email": "bunda@a49.co.th", "project_manager_email": null, "department": null, "created_by": 1, "task": "ssdasdasdasd", "task_type": 22, "task_description": "asdadsadasdsd", "attachment": null, "preferred_team": 5, "request_date": "2025-06-10", "preferred_due_date": "2025-06-20", "start_date": "2025-06-16", "status": "In Progress", "assigned_team": 5, "collab_team": null, "assigned_to": null, "priority": "Medium"}}, {"model": "tasks.taskrequest", "pk": 13, "fields": {"project_name": "JGJS", "design_stage": null, "requester_name": "Ben", "requester_email": "bunda@a49.co.th", "project_manager_email": null, "department": null, "created_by": 1, "task": "dasdsad", "task_type": 22, "task_description": "sadasdsad", "attachment": null, "preferred_team": 5, "request_date": "2025-06-10", "preferred_due_date": "2025-06-19", "start_date": "2025-06-16", "status": "In Progress", "assigned_team": 2, "collab_team": null, "assigned_to": null, "priority": "Medium"}}, {"model": "tasks.taskrequest", "pk": 14, "fields": {"project_name": "AAAA", "design_stage": 11, "requester_name": "Ben", "requester_email": "bunda@a49.co.th", "project_manager_email": null, "department": 4, "created_by": 1, "task": "Sun path study", "task_type": 14, "task_description": "wqwqwqw", "attachment": null, "preferred_team": 1, "request_date": "2025-06-12", "preferred_due_date": "2025-06-24", "start_date": null, "status": "Waiting for Approval", "assigned_team": null, "collab_team": null, "assigned_to": null, "priority": "Medium"}}, {"model": "tasks.department", "pk": 1, "fields": {"name": "Studio 1"}}, {"model": "tasks.department", "pk": 2, "fields": {"name": "Studio 2"}}, {"model": "tasks.department", "pk": 3, "fields": {"name": "Studio 3"}}, {"model": "tasks.department", "pk": 4, "fields": {"name": "Studio 4"}}, {"model": "tasks.department", "pk": 29, "fields": {"name": "Interior"}}, {"model": "tasks.department", "pk": 30, "fields": {"name": "Specification"}}, {"model": "tasks.department", "pk": 31, "fields": {"name": "Estimation"}}, {"model": "tasks.department", "pk": 32, "fields": {"name": "Model"}}, {"model": "tasks.department", "pk": 33, "fields": {"name": "Admin"}}, {"model": "tasks.department", "pk": 34, "fields": {"name": "HR"}}, {"model": "tasks.department", "pk": 35, "fields": {"name": "Account"}}, {"model": "tasks.department", "pk": 36, "fields": {"name": "Finance"}}, {"model": "tasks.department", "pk": 37, "fields": {"name": "BD"}}, {"model": "tasks.department", "pk": 38, "fields": {"name": "PR"}}, {"model": "tasks.department", "pk": 39, "fields": {"name": "MM"}}, {"model": "tasks.department", "pk": 40, "fields": {"name": "MMM"}}, {"model": "tasks.tasktype", "pk": 14, "fields": {"name": "Project Research", "iris_teams": [1, 4, 5]}}, {"model": "tasks.tasktype", "pk": 15, "fields": {"name": "Building Analysis", "iris_teams": [1, 2, 3]}}, {"model": "tasks.tasktype", "pk": 16, "fields": {"name": "Green Certification", "iris_teams": [1]}}, {"model": "tasks.tasktype", "pk": 17, "fields": {"name": "BIM Management", "iris_teams": [2]}}, {"model": "tasks.tasktype", "pk": 18, "fields": {"name": "BIM Modeling", "iris_teams": [2]}}, {"model": "tasks.tasktype", "pk": 19, "fields": {"name": "Parametric Design", "iris_teams": [3]}}, {"model": "tasks.tasktype", "pk": 20, "fields": {"name": "Computational Design", "iris_teams": [3]}}, {"model": "tasks.tasktype", "pk": 21, "fields": {"name": "Building Regulations", "iris_teams": [4]}}, {"model": "tasks.tasktype", "pk": 22, "fields": {"name": "Data Management", "iris_teams": [5]}}, {"model": "tasks.tasktype", "pk": 23, "fields": {"name": "IT Management", "iris_teams": [6]}}, {"model": "tasks.tasktype", "pk": 24, "fields": {"name": "AV Management", "iris_teams": [7]}}, {"model": "tasks.tasktype", "pk": 25, "fields": {"name": "Other", "iris_teams": [1, 2, 3, 4, 5, 6, 7]}}, {"model": "tasks.iristeam", "pk": 1, "fields": {"name": "Sustainability"}}, {"model": "tasks.iristeam", "pk": 2, "fields": {"name": "BIM"}}, {"model": "tasks.iristeam", "pk": 3, "fields": {"name": "Digital Solutions"}}, {"model": "tasks.iristeam", "pk": 4, "fields": {"name": "Law"}}, {"model": "tasks.iristeam", "pk": 5, "fields": {"name": "Data"}}, {"model": "tasks.iristeam", "pk": 6, "fields": {"name": "IT"}}, {"model": "tasks.iristeam", "pk": 7, "fields": {"name": "AV"}}, {"model": "tasks.designstage", "pk": 8, "fields": {"name": "00_Competition"}}, {"model": "tasks.designstage", "pk": 9, "fields": {"name": "01_Project Study"}}, {"model": "tasks.designstage", "pk": 10, "fields": {"name": "02_Master Plan"}}, {"model": "tasks.designstage", "pk": 11, "fields": {"name": "03_Preliminary"}}, {"model": "tasks.designstage", "pk": 12, "fields": {"name": "04_Design Development"}}, {"model": "tasks.designstage", "pk": 13, "fields": {"name": "05_Tendering / Bidding"}}, {"model": "tasks.designstage", "pk": 14, "fields": {"name": "06_Permit Submission"}}, {"model": "tasks.designstage", "pk": 15, "fields": {"name": "07_EIA / IEE"}}, {"model": "tasks.designstage", "pk": 16, "fields": {"name": "08_For Construction"}}, {"model": "tasks.designstage", "pk": 17, "fields": {"name": "09_Construction Administration"}}, {"model": "tasks.designstage", "pk": 18, "fields": {"name": "10_Post Construction"}}]